#Results from SampleExperiment.java.  First line is means, second line is standard deviations.
-1361.7,-531.8,-405.1,-361.0,-1038.5,-99.7,0.9,-10.8,-4.7,-36.9,2.7,-122.5,-1.2,-4.6,3.6,-18.4,4.8,4.3,4.2,3.6,
2068.8099128618737,851.4565037497674,914.2701339198267,957.40726269789,2088.164810971054,202.4170886505825,10.375719519896226,33.54863799189337,33.87575337415637,83.18045977805659,6.8321137122985425,328.4026153637906,13.00256384974389,16.906277598046895,6.003702561290361,45.36567473811499,2.936362072739366,1.3374935098492584,2.5298221281347035,2.3190036174568114,
